"","aveCount1","aveFreq1","rank1","aveCount0","aveFreq0","rank0"
"C*07:02",168.6,0.1686,1,523,0.13075,2
"C*07:01",155.2,0.1552,2,632,0.158,1
"C*05:01",91.4,0.0914,3,358,0.0895,5
"C*06:02",75,0.075,4,390.8,0.0977,4
"C*04:01",70,0.07,5,447.6,0.1119,3
"C*08:02",69,0.069,6,151.2,0.0378,10
"C*03:04",65.4,0.0654,7,300.2,0.07505,6
"C*02:02",59.8,0.0598,8,184.8,0.0462,9
"C*12:03",49.2,0.0492,9,214.8,0.0537,7
"C*03:03",36.4,0.0364,10,187.4,0.04685,8
