"","Allele","Group Assignment","Loading"
"1","DQA1*01:02+DQA1*05:01","Geno Group 2","0.974463803649023"
"2","DQB1*06:02+DQB1*03:01","Geno Group 1","1.00474051873471"
"3","DRB5*01:01~DQA1*01:02+DRB3*02:02~DQA1*05:01","Geno Group 3","0.517154068579209"
"4","DRB5*01:01~DPA1*01:03+DRB3*02:02~DPA1*01:03","Geno Group 3","0.561062612372197"
"5","DQA1*01:02~DQB1*06:02+DQA1*05:01~DQB1*03:01","Geno Group 1","0.924933661349926"
"6","DQA1*01:02~DPA1*01:03+DQA1*05:01~DPA1*01:03","Geno Group 2","0.907515217753151"
"7","DQB1*06:02~DPA1*01:03+DQB1*03:01~DPA1*01:03","Geno Group 1","0.996908785512385"
"8","DQB1*03:01~DPA1*01:03+DQB1*06:02~DPA1*01:03","Geno Group 2","-0.061328812756405"
"9","DRB5*01:01~DQA1*01:02~DPA1*01:03+DRB3*02:02~DQA1*05:01~DPA1*01:03","Geno Group 3","0.568907388252516"
"10","DQA1*01:02~DQB1*06:02~DPA1*01:03+DQA1*05:01~DQB1*03:01~DPA1*01:03","Geno Group 1","0.90388077734084"
"11","DRB5*01:01~DQA1*01:02~DQB1*06:02+DRB3*02:02~DQA1*05:01~DQB1*03:01 %% DRB5*01:01~DQB1*06:02+DRB3*02:02~DQB1*03:01","Geno Group 1","0.797740413780484"
"12","DRB5*01:01~DQA1*01:02~DQB1*06:02~DPA1*01:03+DRB3*02:02~DQA1*05:01~DQB1*03:01~DPA1*01:03 %% DRB5*01:01~DQB1*06:02~DPA1*01:03+DRB3*02:02~DQB1*03:01~DPA1*01:03","Geno Group 1","0.790245628092263"
"13","DRB5*01:01~DRB1*15:01~DQA1*01:02~DPA1*01:03+DRB3*02:02~DRB1*11:01~DQA1*05:01~DPA1*01:03 %% DRB1*15:01~DQA1*01:02~DPA1*01:03+DRB1*11:01~DQA1*05:01~DPA1*01:03 %% DRB5*01:01~DRB1*15:01~DPA1*01:03+DRB3*02:02~DRB1*11:01~DPA1*01:03 %% DRB1*15:01~DPA1*01:03+DRB1*11:01~DPA1*01:03","Geno Group 3","0.389222040099661"
